Workbook
Name _____________________\0: '[1]PNT-QUOT-#3'!#REF!
Name _____________________\0: '[1]PNT-QUOT-#3'!#REF!
Name _____________________\d: '[2]__-BLDG'!#REF!
Name _____________________\d: '[2]__-BLDG'!#REF!
Name _____________________\e: '[2]__-BLDG'!#REF!
Name _____________________\e: '[2]__-BLDG'!#REF!
Name _____________________\f: '[2]__-BLDG'!#REF!
Name _____________________\f: '[2]__-BLDG'!#REF!
Name _____________________\g: '[2]__-BLDG'!#REF!
Name _____________________\g: '[2]__-BLDG'!#REF!
Name _____________________\h: '[2]__-BLDG'!#REF!
Name _____________________\h: '[2]__-BLDG'!#REF!
Name _____________________\i: '[2]__-BLDG'!#REF!
Name _____________________\i: '[2]__-BLDG'!#REF!
Name _____________________\j: '[2]__-BLDG'!#REF!
Name _____________________\j: '[2]__-BLDG'!#REF!
Name _____________________\k: '[2]__-BLDG'!#REF!
Name _____________________\k: '[2]__-BLDG'!#REF!
Name _____________________\l: '[2]__-BLDG'!#REF!
Name _____________________\l: '[2]__-BLDG'!#REF!
Name _____________________\m: '[2]__-BLDG'!#REF!
Name _____________________\m: '[2]__-BLDG'!#REF!
Name _____________________\n: '[2]__-BLDG'!#REF!
Name _____________________\n: '[2]__-BLDG'!#REF!
Name _____________________\o: '[2]__-BLDG'!#REF!
Name _____________________\o: '[2]__-BLDG'!#REF!
Name _____________________\z: '[1]COAT&WRAP-QIOT-#3'!#REF!
Name _____________________\z: '[1]COAT&WRAP-QIOT-#3'!#REF!
Name _1: #N/A
Name _1000A01: #N/A
Name _2: #N/A
Name _A65700: '[3]MTO REV.2(ARMOR)'!#REF!
Name _A65700: '[3]MTO REV.2(ARMOR)'!#REF!
Name _A65800: '[3]MTO REV.2(ARMOR)'!#REF!
Name _A65800: '[3]MTO REV.2(ARMOR)'!#REF!
Name _A66000: '[3]MTO REV.2(ARMOR)'!#REF!
Name _A66000: '[3]MTO REV.2(ARMOR)'!#REF!
Name _A67000: '[3]MTO REV.2(ARMOR)'!#REF!
Name _A67000: '[3]MTO REV.2(ARMOR)'!#REF!
Name _A68000: '[3]MTO REV.2(ARMOR)'!#REF!
Name _A68000: '[3]MTO REV.2(ARMOR)'!#REF!
Name _A70000: '[3]MTO REV.2(ARMOR)'!#REF!
Name _A70000: '[3]MTO REV.2(ARMOR)'!#REF!
Name _A700002: '[3]MTO REV.2(ARMOR)'!#REF!
Name _A700002: '[3]MTO REV.2(ARMOR)'!#REF!
Name _A75000: '[3]MTO REV.2(ARMOR)'!#REF!
Name _A75000: '[3]MTO REV.2(ARMOR)'!#REF!
Name _A85000: '[3]MTO REV.2(ARMOR)'!#REF!
Name _A85000: '[3]MTO REV.2(ARMOR)'!#REF!
Name _CON1: #REF!
Name _CON1: #REF!
Name _CON2: #REF!
Name _CON2: #REF!
Name _NET2: #REF!
Name _NET2: #REF!
Name A: #REF!
Name A: #REF!
Name A01_: #N/A
Name A01AC: #N/A
Name A01CAT: #N/A

Sheet Thong so chung
A2: Hạng mục | B2: ĐVT | C2: Mục cần điền
A3: Số biên bản | C3: JUN/EW-NN/17000000-NB/07
A4: Chủ hàng | C4: CÔNG TY EASTWOOD ENERGY
A5: Tên hàng (loại hàng) | C5: VIÊN NÉN GỖ (SBP Compliant Biomass)
A6: Số lượng trên lượt khai
A7: Lượng hàng thực giao / nhận | B7: xe | C7: 64
B8: kg | C8: 2226130
A9: KHO - sà lan | B9: kg | C9: 523000
A10: CONT - Sà lan | B10: kg
A11: Xá Thẳng - sà lan | B11: kg | C11: 1703130
A12: Tên sà lan nhận hàng | C12: SG 10678
A13: Quốc tịch | C13: Việt Nam
A14: Cảng nhận hàng | C14: Cảng Nguyên Ngọc - TPHCM
A15: Cảng giao hàng | C15: PHAO THIỀNG LIỀNG
A16: Tàu quốc tế | C16: XIN XIANG SEA
A17: Thời gian
A18: Thời gian đến Cảng nhận hàng | B18: 06:48 | C18: 31/05/2026
A19: Thời gian kiểm tra hầm hàng | B19: 08:00 | C19: 31/05/2026
A20: Thời gian bắt đầu làm hàng | B20: 08:56 | C20: 31/05/2026
A21: Thời gian kết thúc làm hàng | B21: 04:31 | C21: 01/06/2026
A22: Thời gian tàu rời cảng | B22: 05:10 | C22: 01/06/2026
A23: BB seal
A24: Số lượng seal | B24: cái | C24: 14
A25: Số hầm sà lan | B25: hầm

Sheet BB Kiem tra ham
A9: BIÊN BẢN KIỂM TRA HẦM HÀNG
A10: CARGO HOLD INSPECTION MINUTES
B11: Tên sà lan/ Name of barges: | D11: ='Thong so chung'!C12 -> SG 10678
B12: Cảng nhận hàng/ Port of loading: | D12: ='Thong so chung'!C14 -> Cảng Nguyên Ngọc - TPHCM
B13: Cảng giao hàng/ Port of discharging: | D13: ='Thong so chung'!C15 -> PHAO THIỀNG LIỀNG
B14: Tàu quốc tế/ Name of vessel: | D14: ='Thong so chung'!C16 -> XIN XIANG SEA
B15: Thời gian đến Cảng nhận hàng/ Time of arrival: | D15: ='Thong so chung'!B18&","&" "&"Ngày"&" "&'Thong so chung'!C18 -> 06:48, Ngày 31/05/2026
B16: Thời gian kiểm tra hầm hàng/ Time of arrival: | D16: ='Thong so chung'!B19&","&" "&"Ngày"&" "&'Thong so chung'!C19 -> 08:00, Ngày 31/05/2026
B17: Thời gian bắt đầu làm hàng/ Time of arrival: | D17: ='Thong so chung'!B20&","&" "&"Ngày"&" "&'Thong so chung'!C20 -> 08:56, Ngày 31/05/2026
A19: THÔNG TIN HÀNG HÓA COMMODITY INFORMATION | D19: KIỂM TRA TÌNH TRẠNG HẦM HÀNG INSPECTION
A20: Chủ hàng Shipper | C20: Tên hàng Commodity | D20: Số hầm No. hold | E20: Tình trạng hầm Hold's status
A21: ='Thong so chung'!C4 -> CÔNG TY EASTWOOD ENERGY | C21: ='Thong so chung'!C5 -> VIÊN NÉN GỖ (SBP Compliant Biomass)
A23: Đánh giá chi tiết kiểm tra hầm sà lan trước khi nhận hàng | F23: ĐẠT | G23: KHÔNG
A24: 1 | B24: Tình trạng vách hầm sà lan: Không có các tấm thép, vật dụng có thể bong ra lúc cạp hàng
A25: 2 | B25: Tình trạng nắp hầm: không có tạp chất đọng trong các xương chịu lực dưới nắp hầm, không có sắp thép có nguy cơ rơi rớt,…
A26: 3 | B26: Phía trên nắp và xung quanh hầm hàng: không có các vật dụng có thể rơi xuống hầm hàng khi đóng mở nắp, khi làm hàng
A27: 4 | B27: Khác: (ghi rõ)
A29: Hai bên cùng thống nhất kiểm tra hầm hàng đã đạt trước khi xuất hàng. Đảm bảo hầm hàng sạch sẽ, khô thoáng, không lẫn tạp chất
A30: Both sides agreed to check the achieved cargo hold before loading cargo. Make sure the cargo hold is clean, dry, and free of impurities
B32: ĐẠI DIỆN TVPL | E32: ĐẠI DIỆN CHỦ HÀNG
B33: REPRESENTATIVE OF TVPL | E33: REPRESENTATIVE OF SHIPPER
B34: (Ký và ghi rõ họ tên) | E34: (Ký và ghi rõ họ tên)

Sheet BB Ket toan
B1: Số / No.: | E1: BIÊN BẢN KẾT TOÁN SÀ LAN
B2: ='Thong so chung'!C3 -> JUN/EW-NN/17000000-NB/07 | E2: REPORT ON RECEIPT OF CARGO
B4: 1- | C4: Tên tàu/sà lan : | E4: ='Thong so chung'!C12 -> SG 10678 | I4: 4- | J4: Quốc tịch : | K4: ='Thong so chung'!C13 -> Việt Nam
C5: Vessel/Barge | J5: Nationality
B6: 2- | C6: Cảng xếp hàng : | E6: NGUYEN NGOC, TPHCM | I6: 5- | J6: Ngày Đến: | K6: ='Thong so chung'!C18 -> 31/05/2026
C7: Port of loading | J7: Date Arrival
B8: 3- | C8: Cảng bốc dỡ hàng : | E8: =+'Thong so chung'!C15 -> PHAO THIỀNG LIỀNG | I8: 6- | J8: Ngày Đi: | K8: ='Thong so chung'!C22 -> 01/06/2026
C9: Port of discharging | J9: Departure
B11: SỐ LƯỢNG HÀNG GHI TRONG LƯỢC KHAI | H11: SỐ LƯỢNG HÀNG THỰC GIAO
B12: Number of packages mentioned in manifest | H12: Number of packages receiver
B13: Chủ hàng | D13: Số H.Đ.V.T | E13: Số lượng | F13: Trọng lượng | H13: Số lượng | J13: Trọng lượng | K13: Loại Hàng
B14: Consignee | D14: No.B/L | E14: Quantily | F14: Weight | H14: Quantily | J14: Weight | K14: Description
B15: ='Thong so chung'!C4 -> CÔNG TY EASTWOOD ENERGY | F15: ='Thong so chung'!C6 -> 0 | H15: ='Thong so chung'!C7 -> 64 | J15: ='Thong so chung'!C8 -> 2226130 | K15: ='Thong so chung'!C5 -> VIÊN NÉN GỖ (SBP Compliant Biomass)
B17: TOTAL: | F17: =F15 -> 0 | H17: =H15 -> 64 | J17: =J15 -> 2226130
B19: 7- Bằng chữ (In word):
B21: 8- Phương án làm hàng | E21: * Xá kho: | F21: ='Thong so chung'!C9 -> 523000 | H21: Kgs
E22: * Xá cont: | F22: ='Thong so chung'!C10 -> 0 | H22: Kgs
E23: * Xá thẳng: | F23: ='Thong so chung'!C11 -> 1703130 | H23: Kgs
B25: 9- Ghi Chú (Remaks): | E25: * Commenced loading at | G25: ='Thong so chung'!B20&" "&"-"&" "&'Thong so chung'!C20 -> 08:56 - 31/05/2026
E26: * Completed loading at | G26: ='Thong so chung'!B21&" "&"-"&" "&'Thong so chung'!C21 -> 04:31 - 01/06/2026
E27: * Loading by bulk conveyor.
B29: CONDITIONS & EXCEPTION OF RECEIPT | H29: ĐIỀU KIỆN GIAO NHẬN HÀNG
B30: - Cargo received as per number of packages in | H30: - Hàng giao nhận theo số lượng, bao bì nguyên vẹn,
B31: apparent good condition without liability for contents. | H31: không chịu trách nhiệm bên trong.
B32: - Weight as per cargo manifest (including cargo in bulk) | H32: - Trọng lượng ghi theo lược khai của tàu (kể cả
B33: without liability for discrepancy | H33: hàng rời) không chịu trách nhiệm hao hụt.
B34: - Cargo outturn report hereattache if any . | H34: - Hàng hư hỏng có biên bản riêng.
B36: ĐẠI DIỆN SÀ LAN | F36: ĐẠI DIỆN CHỦ HÀNG | J36: ĐẠI DIỆN TVPL
B37: REPRESENTATIVE OF BARGE | F37: REPRESENTATIVE OF SHIPPER | J37: REPRESENTATIVE OF TVPL
B38: (Ký và ghi rõ họ tên) | F38: (Ký và ghi rõ họ tên) | J38: (Ký và ghi rõ họ tên)

Sheet BB Giao nhan
A9: BIÊN BẢN GIAO NHẬN HÀNG HOÁ
A10: CARGO DELIVERY MINUTES
A12: 1 | B12: Tên sà lan/ Name of barges: | E12: ='Thong so chung'!C12 -> SG 10678
A13: 2 | B13: Cảng nhận hàng/ Port of loading: | E13: ='Thong so chung'!C14 -> Cảng Nguyên Ngọc - TPHCM
A14: 3 | B14: Cảng giao hàng/ Port of discharging: | E14: ='Thong so chung'!C15 -> PHAO THIỀNG LIỀNG
A15: 4 | B15: Tàu quốc tế/ Name of vessel: | E15: ='Thong so chung'!C16 -> XIN XIANG SEA
A16: 5 | B16: Thời gian đến Cảng giao hàng/ Time of arrival:
A17: 6 | B17: Thời gian rời Cảng giao hàng/ Time of ending:
A19: THÔNG TIN HÀNG HÓA COMMODITY INFORMATION | D19: KIỂM TRA HIỆN TRƯỜNG INSPECTION | G19: LƯỢNG HÀNG THỰC GIAO QUANTITY OF DELIVERY
A20: Chủ hàng Shipper | C20: Tên hàng Commodity | D20: Số seal No. seal | E20: Tình Trạng Seal Seal's status | G20: Trọng lượng (kgs) Quantity (kgs)
A21: ='Thong so chung'!C4 -> CÔNG TY EASTWOOD ENERGY | C21: ='Thong so chung'!C5 -> VIÊN NÉN GỖ (SBP Compliant Biomass) | D21: ='Thong so chung'!C24 -> 14 | G21: ='Thong so chung'!C8 -> 2226130
A23: `
A24: 7. Số lượng hàng đã giao lên tàu quốc tế (bằng chữ):
A25: 7. Quantity of goods delivered on international ships (in words):
A27: 8. Ghi Chú (nếu có)/ Remarks (if any)
A29: GIAO NHẬN HÀNG HÓA/ DELIVERY CARGO
A30: - Hàng giao theo số lượng đã nhận tại nơi giao hàng có biên bản đầy đủ, seal chì nguyên vẹn.
A31: Cargo delivered according to the quantity received at port of loading have full records and full seals.
A32: - Seal đầy đủ nguyên vẹn thì sà lan không chịu hao hụt vận chuyển.
A33: If the seal is intact, the barge will not suffer delivery shrinkage.
A34: - Hàng hư hỏng có biên bản riêng, xác định rõ nguyên nhân, hậu quả và hướng giải quyết.
A35: Damaged cargo have other records, clearly identifying the cause, consequences and solution.
A37: ĐẠI DIỆN SÀ LAN | D37: ĐẠI DIỆN TVPL | F37: ĐẠI DIỆN CHỦ HÀNG
A38: REPRESENTATIVE OF BARGE | D38: REPRESENTATIVE OF TVPL | F38: REPRESENTATIVE OF SHIPPER
A39: (Ký và ghi rõ họ tên) | D39: (Ký và ghi rõ họ tên) | F39: (Ký và ghi rõ họ tên)

Sheet Seal sà lan
B4: BIÊN BẢN NIÊM CHÌ
B5: BARGE SEALING RECORD
B6: Tên sà lan/ Name of barges: | E6: ='Thong so chung'!C12 -> SG 10678
B7: Cảng nhận hàng/ Port of loading: | E7: ='Thong so chung'!C14 -> Cảng Nguyên Ngọc - TPHCM
B8: Cảng giao hàng/ Port of discharging: | E8: ='Thong so chung'!C15 -> PHAO THIỀNG LIỀNG
B9: Tàu quốc tế/ Name of vessel: | E9: ='Thong so chung'!C16 -> XIN XIANG SEA
B10: Trọng lượng hàng / Quantity (Kgs) | E10: ='Thong so chung'!C8 -> 2226130
B11: Ngày niêm chì / Date | E11: ='Thong so chung'!C21 -> 01/06/2026
B12: Số lượng seal chì / Numbers of seal | E12: =+'Thong so chung'!C24 -> 14
B14: Vị Trí | C14: Số seal | D14: Vị Trí | E14: Số seal | F14: Vị Trí | G14: Số seal
B15: 1 | C15: 2604321 | D15: 8 | E15: 2604323 | F15: 15
B16: 2 | C16: 2604326 | D16: 9 | E16: 2604327 | F16: 16
B17: 3 | C17: 2604324 | D17: 10 | E17: 2604330 | F17: 17
B18: 4 | C18: 2604329 | D18: 11 | E18: 2604331 | F18: 18
B19: 5 | C19: 2604328 | D19: 12 | E19: 2604332 | F19: 19
B20: 6 | C20: 2604322 | D20: 13 | E20: 2604335 | F20: 20
B21: 7 | C21: 2604325 | D21: 14 | E21: 2604340 | F21: 21
B22: Sealing Plan/ Sơ đồ niêm phong
B29: ĐẠI DIỆN TVPL | D29: ĐẠI DIỆN CHỦ HÀNG | F29: ĐẠI DIỆN PHƯƠNG TIÊN NHẬN HÀNG
B30: REPRESENTATIVE OF TVPL | D30: REPRESENTATIVE OF SHIPPER | F30: REPRESENTATIVE OF BARGE
B31: (Ký và ghi rõ họ tên) | D31: (Ký và ghi rõ họ tên) | F31: (Ký và ghi rõ họ tên)
